universe,controller,splits,ann_return,ann_vol,sharpe,max_dd,study_slice
liquid_us_equity_100,EW,22,0.1978325488555979,0.1971382057575185,1.5386466600987914,-0.3724814752514668,liquid_us_equity_100
liquid_us_equity_250,MRH_tau21_k5,11,0.1821316718716721,0.2213448550080157,0.993954669942795,-0.1409537922367554,liquid_us_equity_250
liquid_us_equity_500,MRH_tau21_k5,9,0.3699287048556494,0.2373459528760481,1.6342813970460075,-0.1954982466256011,liquid_us_equity_500
